{"stat.useItem.minecraft.string":4,"stat.useItem.minecraft.bow":19,"stat.pickup.minecraft.bone":13,"stat.pickup.minecraft.wooden_slab":10,"stat.craftItem.ceramics.unfired_clay":12,"stat.leaveGame":4,"stat.mineBlock.minecraft.cobblestone":183,"stat.pickup.minecraft.flint":16,"stat.craftItem.minecraft.wool":3,"stat.pickup.gregblockutils.gb_meta_item":137,"stat.swimOneCm":12165,"stat.useItem.minecraft.planks":2439,"stat.climbOneCm":660,"stat.craftItem.ceramics.clay_shears":1,"stat.useItem.minecraft.dirt":62,"stat.useItem.minecraft.stone_slab2":271,"stat.pickup.minecraft.bow":1,"stat.pickup.minecraft.rotten_flesh":12,"stat.pickup.exnihilocreatio.block_dust":5,"stat.pickup.minecraft.sand":5,"stat.craftItem.minecraft.furnace":1,"stat.pickup.exnihilocreatio.item_pebble":699,"stat.killEntity.Enderman":1,"stat.pickup.minecraft.cobblestone":89,"stat.mineBlock.minecraft.wooden_slab":10,"stat.useItem.exnihilocreatio.block_sieve":97,"stat.mineBlock.exnihilocreatio.block_infested_leaves":866,"stat.useItem.exnihilocreatio.hammer_stone":167,"stat.flyOneCm":709413,"stat.pickup.minecraft.clay":1,"stat.mineBlock.minecraft.sand":5,"stat.craftItem.minecraft.wooden_slab":84,"stat.useItem.exnihilocreatio.item_material":13,"stat.timeSinceDeath":135790,"stat.pickup.exnihilocreatio.item_seed_birch":2,"stat.useItem.minecraft.wooden_slab":70,"stat.craftItem.minecraft.bed":1,"stat.furnaceInteraction":76,"stat.killEntity.ZombieVillager":2,"stat.pickup.exnihilocreatio.item_seed_oak":5,"stat.pickup.exnihilocreatio.item_seed_jungle":2,"stat.pickup.minecraft.string":1286,"stat.craftItem.exnihilocreatio.hammer_stone":2,"stat.craftItem.minecraft.stone_slab2":0,"stat.craftItem.tconstruct.tooltables":7,"stat.sprintOneCm":1109460,"stat.craftItem.minecraft.stick":256,"stat.pickup.gregblockutils.gbpebble":116,"stat.craftItem.gregtech.meta_tool":18,"stat.useItem.carryon.tile_item":17,"stat.pickup.exnihilocreatio.item_material":21,"stat.craftItem.minecraft.stone":128,"stat.mineBlock.minecraft.crafting_table":5,"stat.pickup.exnihilocreatio.item_seed_carrot":2,"stat.pickup.minecraft.pumpkin_seeds":20,"stat.useItem.minecraft.carrot":174,"stat.craftItem.gtadditions.ga_meta_item":6,"stat.craftItem.minecraft.clay_ball":20,"stat.useItem.minecraft.dye":28,"stat.craftItem.gregtech.meta_item_1":109,"stat.craftItem.gregtech.meta_item_2":10,"stat.mineBlock.minecraft.planks":464,"stat.deaths":8,"stat.drop":7,"stat.playOneMinute":718071,"stat.craftItem.excompressum.wooden_crucible":1,"stat.useItem.minecraft.ladder":2,"stat.killEntity.Zombie":9,"stat.craftItem.projectred-expansion.machine2":2,"stat.craftItem.minecraft.dye":30,"stat.diveOneCm":15321,"stat.useItem.exnihilocreatio.crook_wood":1024,"stat.chestOpened":166,"stat.pickup.tconstruct.tooltables":2,"stat.craftItem.minecraft.ladder":3,"stat.useItem.minecraft.stone":234,"stat.pickup.minecraft.gravel":84,"stat.pickup.minecraft.arrow":24,"stat.useItem.minecraft.apple":45,"stat.craftItem.minecraft.flint":19,"stat.craftItem.minecraft.coal":14,"stat.useItem.minecraft.rotten_flesh":11,"stat.pickup.exnihilocreatio.item_seed_sugarcane":1,"stat.craftItem.exnihilocreatio.block_crucible":2,"stat.jump":3192,"stat.fallOneCm":658829,"stat.pickup.exnihilocreatio.block_granite_crushed":33,"stat.drop.minecraft.stone":7,"stat.useItem.exnihilocreatio.item_seed_carrot":1,"stat.pickup.minecraft.carrot":237,"stat.pickup.minecraft.melon_seeds":21,"stat.crouchOneCm":226879,"stat.craftItem.minecraft.chest":6,"stat.craftItem.minecraft.torch":48,"stat.craftItem.minecraft.iron_ingot":14,"stat.pickup.minecraft.dirt":136,"stat.craftingTableInteraction":111,"stat.useItem.minecraft.sapling":419,"stat.pickup.minecraft.leaves":20,"stat.mineBlock.tconstruct.tooltables":2,"stat.craftItem.tconstruct.pattern":18,"stat.pickup.exnihilocreatio.item_seed_spruce":3,"stat.damageTaken":3920,"stat.mineBlock.minecraft.torch":246,"stat.mineBlock.minecraft.sapling":18,"stat.pickup.minecraft.planks":315,"stat.useItem.gregtech.meta_tool":474,"stat.pickup.minecraft.bed":1,"stat.pickup.minecraft.wheat_seeds":37,"stat.pickup.exnihilocreatio.item_seed_potato":2,"stat.pickup.minecraft.potato":1,"stat.entityKilledBy.Zombie":1,"stat.useItem.exnihilocreatio.item_seed_oak":3,"stat.mineBlock.minecraft.gravel":5,"stat.craftItem.exnihilocreatio.crook_wood":16,"stat.damageDealt":4511,"stat.sleepInBed":26,"stat.mineBlock.minecraft.dirt":27,"stat.pickup.exnihilocreatio.item_mesh":3,"stat.walkOneCm":1672169,"stat.useItem.minecraft.torch":273,"stat.pickup.exnihilocreatio.item_seed_darkoak":1,"stat.useItem.minecraft.chest":1,"stat.useItem.minecraft.log":2,"stat.pickup.minecraft.crafting_table":5,"stat.useItem.minecraft.cobblestone":75,"stat.craftItem.minecraft.crafting_table":3,"stat.useItem.minecraft.gravel":1,"stat.craftItem.ceramics.clay_bucket":3,"stat.pickup.minecraft.log":2270,"stat.craftItem.exnihilocreatio.block_sieve":20,"stat.craftItem.minecraft.gold_ingot":3,"stat.pickup.minecraft.stone":180,"stat.pickup.minecraft.sapling":951,"stat.pickup.minecraft.ender_pearl":1,"stat.useItem.minecraft.leaves":4,"stat.pickup.minecraft.apple":88,"stat.useItem.exnihilocreatio.block_barrel0":1,"stat.killEntity.Skeleton":8,"stat.craftItem.minecraft.planks":3130,"stat.killEntity.Spider":3,"stat.craftItem.exnihilocreatio.block_barrel0":5,"stat.mobKills":28,"stat.mineBlock.minecraft.log":2270,"stat.pickup.minecraft.beetroot_seeds":17,"stat.mineBlock.minecraft.leaves":907,"stat.pickup.minecraft.torch":248,"stat.sneakTime":61563,"stat.pickup.exnihilocreatio.block_sieve":2,"stat.craftItem.exnihilocreatio.item_mesh":1,"stat.mineBlock.exnihilocreatio.block_sieve":2,"stat.craftItem.minecraft.cobblestone":42,"stat.mineBlock.minecraft.stone":259}