{"stat.useItem.minecraft.string":4,"stat.useItem.minecraft.bow":19,"stat.pickup.minecraft.bone":13,"stat.pickup.minecraft.wooden_slab":10,"stat.craftItem.ceramics.unfired_clay":12,"stat.leaveGame":4,"stat.mineBlock.minecraft.cobblestone":180,"stat.pickup.minecraft.flint":16,"stat.craftItem.minecraft.wool":3,"stat.pickup.gregblockutils.gb_meta_item":137,"stat.swimOneCm":10640,"stat.useItem.minecraft.planks":2194,"stat.craftItem.ceramics.clay_shears":1,"stat.useItem.minecraft.dirt":60,"stat.useItem.minecraft.stone_slab2":261,"stat.pickup.minecraft.bow":1,"stat.pickup.minecraft.rotten_flesh":12,"stat.pickup.exnihilocreatio.block_dust":5,"stat.pickup.minecraft.sand":5,"stat.craftItem.minecraft.furnace":1,"stat.pickup.exnihilocreatio.item_pebble":699,"stat.killEntity.Enderman":1,"stat.pickup.minecraft.cobblestone":87,"stat.mineBlock.minecraft.wooden_slab":10,"stat.mineBlock.exnihilocreatio.block_infested_leaves":866,"stat.useItem.exnihilocreatio.hammer_stone":167,"stat.flyOneCm":610083,"stat.pickup.minecraft.clay":1,"stat.mineBlock.minecraft.sand":5,"stat.craftItem.minecraft.wooden_slab":72,"stat.useItem.exnihilocreatio.item_material":13,"stat.timeSinceDeath":76756,"stat.pickup.exnihilocreatio.item_seed_birch":2,"stat.useItem.minecraft.wooden_slab":70,"stat.craftItem.minecraft.bed":1,"stat.furnaceInteraction":68,"stat.killEntity.ZombieVillager":2,"stat.pickup.exnihilocreatio.item_seed_oak":5,"stat.pickup.exnihilocreatio.item_seed_jungle":2,"stat.pickup.minecraft.string":1284,"stat.craftItem.exnihilocreatio.hammer_stone":2,"stat.craftItem.minecraft.stone_slab2":0,"stat.craftItem.tconstruct.tooltables":7,"stat.sprintOneCm":1032670,"stat.craftItem.minecraft.stick":106,"stat.pickup.gregblockutils.gbpebble":116,"stat.craftItem.gregtech.meta_tool":15,"stat.useItem.carryon.tile_item":17,"stat.pickup.exnihilocreatio.item_material":21,"stat.craftItem.minecraft.stone":123,"stat.mineBlock.minecraft.crafting_table":5,"stat.pickup.exnihilocreatio.item_seed_carrot":2,"stat.pickup.minecraft.pumpkin_seeds":20,"stat.useItem.minecraft.carrot":136,"stat.craftItem.gtadditions.ga_meta_item":4,"stat.craftItem.minecraft.clay_ball":20,"stat.useItem.minecraft.dye":28,"stat.craftItem.gregtech.meta_item_1":70,"stat.craftItem.gregtech.meta_item_2":9,"stat.mineBlock.minecraft.planks":304,"stat.deaths":8,"stat.drop":7,"stat.playOneMinute":659037,"stat.craftItem.excompressum.wooden_crucible":1,"stat.killEntity.Zombie":9,"stat.craftItem.projectred-expansion.machine2":2,"stat.craftItem.minecraft.dye":30,"stat.diveOneCm":5967,"stat.useItem.exnihilocreatio.crook_wood":1024,"stat.chestOpened":139,"stat.pickup.tconstruct.tooltables":2,"stat.useItem.minecraft.stone":234,"stat.pickup.minecraft.gravel":84,"stat.pickup.minecraft.arrow":24,"stat.useItem.minecraft.apple":45,"stat.craftItem.minecraft.flint":19,"stat.craftItem.minecraft.coal":14,"stat.useItem.minecraft.rotten_flesh":11,"stat.pickup.exnihilocreatio.item_seed_sugarcane":1,"stat.craftItem.exnihilocreatio.block_crucible":2,"stat.jump":2790,"stat.fallOneCm":653833,"stat.pickup.exnihilocreatio.block_granite_crushed":33,"stat.drop.minecraft.stone":7,"stat.useItem.exnihilocreatio.item_seed_carrot":1,"stat.pickup.minecraft.carrot":177,"stat.pickup.minecraft.melon_seeds":21,"stat.crouchOneCm":202222,"stat.craftItem.minecraft.chest":6,"stat.craftItem.minecraft.torch":48,"stat.craftItem.minecraft.iron_ingot":14,"stat.pickup.minecraft.dirt":133,"stat.craftingTableInteraction":111,"stat.useItem.minecraft.sapling":350,"stat.pickup.minecraft.leaves":20,"stat.mineBlock.tconstruct.tooltables":2,"stat.craftItem.tconstruct.pattern":18,"stat.pickup.exnihilocreatio.item_seed_spruce":3,"stat.damageTaken":3700,"stat.mineBlock.minecraft.torch":241,"stat.mineBlock.minecraft.sapling":18,"stat.pickup.minecraft.planks":216,"stat.useItem.gregtech.meta_tool":443,"stat.pickup.minecraft.bed":1,"stat.pickup.minecraft.wheat_seeds":37,"stat.pickup.exnihilocreatio.item_seed_potato":2,"stat.pickup.minecraft.potato":1,"stat.entityKilledBy.Zombie":1,"stat.useItem.exnihilocreatio.item_seed_oak":3,"stat.mineBlock.minecraft.gravel":5,"stat.craftItem.exnihilocreatio.crook_wood":16,"stat.damageDealt":4076,"stat.sleepInBed":24,"stat.mineBlock.minecraft.dirt":27,"stat.pickup.exnihilocreatio.item_mesh":2,"stat.walkOneCm":1524606,"stat.useItem.minecraft.torch":266,"stat.pickup.exnihilocreatio.item_seed_darkoak":1,"stat.useItem.minecraft.chest":1,"stat.useItem.minecraft.log":2,"stat.pickup.minecraft.crafting_table":5,"stat.useItem.minecraft.cobblestone":75,"stat.craftItem.minecraft.crafting_table":3,"stat.useItem.minecraft.gravel":1,"stat.craftItem.ceramics.clay_bucket":3,"stat.pickup.minecraft.log":1869,"stat.craftItem.exnihilocreatio.block_sieve":1,"stat.craftItem.minecraft.gold_ingot":3,"stat.pickup.minecraft.stone":179,"stat.pickup.minecraft.sapling":855,"stat.pickup.minecraft.ender_pearl":1,"stat.useItem.minecraft.leaves":4,"stat.pickup.minecraft.apple":81,"stat.useItem.exnihilocreatio.block_barrel0":1,"stat.killEntity.Skeleton":8,"stat.craftItem.minecraft.planks":2378,"stat.killEntity.Spider":2,"stat.craftItem.exnihilocreatio.block_barrel0":5,"stat.mobKills":26,"stat.mineBlock.minecraft.log":1869,"stat.pickup.minecraft.beetroot_seeds":17,"stat.mineBlock.minecraft.leaves":897,"stat.pickup.minecraft.torch":241,"stat.sneakTime":54327,"stat.pickup.exnihilocreatio.block_sieve":1,"stat.craftItem.exnihilocreatio.item_mesh":1,"stat.mineBlock.exnihilocreatio.block_sieve":1,"stat.craftItem.minecraft.cobblestone":42,"stat.mineBlock.minecraft.stone":258}